total_reward,steps_river,num_steps,counts_0miss,counts_1miss,counts_2miss,counts_3miss,wall_clock_time
-187.0,24.0,72.0,12.0,20.0,29.0,11.0,1.9839110374450684
-162.0,20.0,83.0,9.0,30.0,30.0,14.0,2.348546266555786
-202.0,19.0,132.0,19.0,51.0,50.0,12.0,3.855440855026245
-610.0,50.0,261.0,37.0,94.0,100.0,30.0,7.848586082458496
-882.0,51.0,524.0,69.0,214.0,178.0,63.0,16.080132007598877
-918.0,51.0,560.0,81.0,199.0,211.0,69.0,17.619836807250977
-268.0,11.0,270.0,32.0,110.0,102.0,26.0,8.587128162384033
-16.0,5.0,72.0,10.0,21.0,31.0,10.0,2.299738883972168
